Index,Player,Team,Birth Year,Nationality
1,AARON MALIK HARRISON,TÜRK TELEKOM SPOR,1994,USA
2,ABODUNRIN GABRIEL OLASENI,DARÜŞŞAFAKA,1991,GBR
3,ACAR ŞEN,GALATASARAY NEF,2003,TUR
4,ACHILLE POLONARA,FENERBAHÇE BEKO,1991,ITA
5,ADAM TERRELL SMITH,YUKATEL MERKEZEFENDİ BELEDİYESİ BASKET,1992,USA
6,ADRIEN MOERMAN,ANADOLU EFES,1988,FRA
7,AHMET BUĞRAHAN TUNCER,ANADOLU EFES,1993,TUR
8,AHMET DUVERİOĞLU,FENERBAHÇE BEKO,1993,TUR
9,AHMET FURKAN ÖZKAN,GAZİANTEP BASKETBOL,2001,TUR
10,AHMET İKBAL DEMİR,HDI SİGORTA AFYON BELEDİYESİ,2004,TUR
11,AHMET SAFA YILMAZ,BAHÇEŞEHİR KOLEJİ,2001,TUR
12,AKIL ANTHONY MITCHELL,PINAR KARŞIYAKA,1992,USA
13,AKİF EGEMEN GÜVEN,ANADOLU EFES,1996,TUR
14,AKİF EGEMEN GÜVEN,FRUTTİ EXTRA BURSASPOR,1996,TUR
15,ALEC THOMAS BROWN,SEMT77 YALOVASPOR,1992,USA
16,ALEX DANIEL PEREZ,TÜRK TELEKOM SPOR,1993,USA
17,ALEX TYUS,PINAR KARŞIYAKA,1988,USA
18,ALEXANDRE PIERRE LOUIS CHASSANG,SEMT77 YALOVASPOR,1994,FRA
19,ALİ BERKAN ÖZÇİFTCİ,SEMT77 YALOVASPOR,1997,TUR
20,ALİ EFE BARIŞ,PINAR KARŞIYAKA,2001,TUR
21,ALİ İHSAN PAÇACI,YUKATEL MERKEZEFENDİ BELEDİYESİ BASKET,2000,TUR
22,ALİ TAŞKIN,TOFAŞ,2003,TUR
23,ALİ YÜCEORAL,BAHÇEŞEHİR KOLEJİ,2002,TUR
24,ALİHAN DEMİR,BEŞİKTAŞ ICRYPEX,1996,TUR
25,ALLERIK JUWAN FREEMAN,FRUTTİ EXTRA BURSASPOR,1994,USA
26,ALP KARAHAN,GAZİANTEP BASKETBOL,1998,TUR
27,ALP ÖZBUDAK,HDI SİGORTA AFYON BELEDİYESİ,2002,TUR
28,ALPHA KABA,GAZİANTEP BASKETBOL,1996,FRA
29,ALTAN EROL,YUKATEL MERKEZEFENDİ BELEDİYESİ BASKET,1983,TUR
30,AMADOU AMATH GARVEY M BAYE,PINAR KARŞIYAKA,1989,FRA
31,ANDREW DELANO ANDREWS,FRUTTİ EXTRA BURSASPOR,1993,USA
32,ANDREW JACKSON WHITE III,BÜYÜKÇEKMECE BASKETBOL,1993,USA
33,ANTHONY CHARLES CLEMMONS,TÜRK TELEKOM SPOR,1994,USA
34,ANTHONY LEJOHN BROWN,FRUTTİ EXTRA BURSASPOR,1992,USA
35,ANTHONY MARKEL STARKS II,FENERBAHÇE BEKO,1991,USA
36,ARİF ŞENGÜL,HDI SİGORTA AFYON BELEDİYESİ,2003,TUR
37,ATA KAHRAMAN,BEŞİKTAŞ ICRYPEX,1999,TUR
38,ATA ÜLKÜ ÖZBEN,BAHÇEŞEHİR KOLEJİ,2002,TUR
39,ATAHAN DEMİRTAŞ,GAZİANTEP BASKETBOL,2000,TUR
40,AUBREY LAFELL DAWKINS,TÜRK TELEKOM SPOR,1995,USA
41,AYBERK OLMAZ,HDI SİGORTA AFYON BELEDİYESİ,1996,TUR
42,AYBERK OLMAZ,FRUTTİ EXTRA BURSASPOR,1996,TUR
43,BARIŞ ÇAĞAN ÖZKAN,BÜYÜKÇEKMECE BASKETBOL,1994,TUR
44,BARIŞ ÜLKER,BÜYÜKÇEKMECE BASKETBOL,1997,TUR
45,BARIŞ ÜLKER,HDI SİGORTA AFYON BELEDİYESİ,1997,TUR
46,BAŞAR ADAK,YUKATEL MERKEZEFENDİ BELEDİYESİ BASKET,2003,TUR
47,BATIN TUNA,TOFAŞ,2003,TUR
48,BATUHAN ACAR,TÜRK TELEKOM SPOR,2002,TUR
49,BATUHAN GÜVENEN,HDI SİGORTA AFYON BELEDİYESİ,2004,TUR
50,BENJAMIN BENTIL,BAHÇEŞEHİR KOLEJİ,1995,GHA
51,BERK DEMİR,TÜRK TELEKOM SPOR,1995,TUR
52,BERK İBRAHİM UĞURLU,TOFAŞ,1996,TUR
53,BERKAN AKSU,HDI SİGORTA AFYON BELEDİYESİ,2001,TUR
54,BERKAN DURMAZ,PINAR KARŞIYAKA,1997,TUR
55,BERKAY CANDAN,BAHÇEŞEHİR KOLEJİ,1993,TUR
56,BERKE BÜYÜKTUNCEL,TOFAŞ,2004,TUR
57,BİLGEHAN DİRİL,HDI SİGORTA AFYON BELEDİYESİ,2001,TUR
58,BİRKAN BATUK,FRUTTİ EXTRA BURSASPOR,1990,TUR
59,BONZIE ALEXANDER COLSON II,PINAR KARŞIYAKA,1996,USA
60,BORA SATIR,TOFAŞ,2002,TUR
61,BORA YAŞAR,DARÜŞŞAFAKA,2003,TUR
62,BORAN GÜLER,ALİAĞA PETKİM SPOR,2001,TUR
63,BRIAN CHRISTOPHER CONKLIN,SEMT77 YALOVASPOR,1989,USA
64,BRYANT DUNSTON,ANADOLU EFES,1986,USA
65,BURAK CAN YILDIZLI,PINAR KARŞIYAKA,1994,TUR
66,BURAK GÖZENELİ,TÜRK TELEKOM SPOR,2000,TUR
67,BÜLENT HAMZA ÇELİK,TOFAŞ,2003,TUR
68,CAN ALTINTIĞ,SEMT77 YALOVASPOR,1987,TUR
69,CAN KORKMAZ,PINAR KARŞIYAKA,1992,TUR
70,CAN KURT,BÜYÜKÇEKMECE BASKETBOL,2003,TUR
71,CAN MAXİM MUTAF,DARÜŞŞAFAKA,1991,TUR
72,CAN UĞUR ÖĞÜT,TÜRK TELEKOM SPOR,1992,TUR
73,CANBERK KUŞ,GALATASARAY NEF,1996,TUR
74,CANER ERDENİZ,BÜYÜKÇEKMECE BASKETBOL,1987,TUR
75,CAVİT EGE HAVSA,HDI SİGORTA AFYON BELEDİYESİ,1997,TUR
76,CHRISTOPHER SINGLETON JR,ANADOLU EFES,1989,USA
77,ÇAĞATAY ÖZKAN,PINAR KARŞIYAKA,2001,TUR
78,DANIEL DOMONIQUE HAMILTON,ALİAĞA PETKİM SPOR,1995,USA
79,DANILO TIMON BARTHEL,FENERBAHÇE BEKO,1991,DEU
80,DARKO PLANINIC,ALİAĞA PETKİM SPOR,1990,HRV
81,DAVID JEFFREY KRAVISH,GALATASARAY NEF,1992,USA
82,DAVID JOHN DUDZINSKI,FRUTTİ EXTRA BURSASPOR,1992,USA
83,DE VAUGHN AKOON ,  PURCELL,GALATASARAY NEF,1993
84,DEDRIC NICHOLAUS LAWSON,BEŞİKTAŞ ICRYPEX,1997,USA
85,DEMARQUIS DANGELO BOST,GALATASARAY NEF,1989,USA
86,DEMITRIUS RAYELLE CONGER,ALİAĞA PETKİM SPOR,1990,USA
87,DEREK RYAN NEEDHAM,FRUTTİ EXTRA BURSASPOR,1990,USA
88,DESHANE DAVİS LARKİN,ANADOLU EFES,1992,TUR
89,DEVIN JAVAR WILLIAMS,BAHÇEŞEHİR KOLEJİ,1994,USA
90,DEVIN RYDALE BOOKER,FENERBAHÇE BEKO,1991,USA
91,DOĞUKAN ŞANLI,ALİAĞA PETKİM SPOR,1995,TUR
92,DOĞUŞ BALBAY,ANADOLU EFES,1989,TUR
93,DOĞUŞ ÖZDEMİROĞLU,DARÜŞŞAFAKA,1996,TUR
94,DONATAS TAROLIS,HDI SİGORTA AFYON BELEDİYESİ,1994,LTU
95,DORUK DORA,DARÜŞŞAFAKA,1999,TUR
96,DORUKHAN ENGİNDENİZ,TÜRK TELEKOM SPOR,1992,TUR
97,DRAGAN MILOSAVLJEVIC,FRUTTİ EXTRA BURSASPOR,1989,SRB
98,DUSAN CANTEKİN,GAZİANTEP BASKETBOL,1992,TUR
99,DYSHAWN,DYLAN PIERRE,FENERBAHÇE BEKO,1993
100,EFE BEŞOK,HDI SİGORTA AFYON BELEDİYESİ,1997,TUR
101,EFE ERGİ TIRPANCI,HDI SİGORTA AFYON BELEDİYESİ,2000,TUR
102,EFE ERGİ TIRPANCI,SEMT77 YALOVASPOR,2000,TUR
103,EFE SARICA,PINAR KARŞIYAKA,2002,TUR
104,EGE ARAR,GALATASARAY NEF,1996,TUR
105,EGE ÖZÇELİK,DARÜŞŞAFAKA,2003,TUR
106,EGE TAN YILDIZOĞLU,GALATASARAY NEF,2004,TUR
107,EGEHAN ARNA,BEŞİKTAŞ ICRYPEX,1997,TUR
108,EKREM SANCAKLI,FENERBAHÇE BEKO,2001,TUR
109,ELGIN RASHAD COOK,TOFAŞ,1993,USA
110,ELIJAH BRIGHAM BRYANT,ANADOLU EFES,1995,USA
111,ELIJAH BRIGHAM BRYANT,ANADOLU EFES,1995,USA
112,EMİR ADIGÜZEL,BEŞİKTAŞ ICRYPEX,2003,TUR
113,EMİRCAN KOŞUT,YUKATEL MERKEZEFENDİ BELEDİYESİ BASKET,1995,TUR
114,EMRE TANIŞAN,TOFAŞ,1999,TUR
115,ENES BAYRAKTAR,FENERBAHÇE BEKO,2002,TUR
116,ENES BERKAY TAŞKIRAN,BÜYÜKÇEKMECE BASKETBOL,1997,TUR
117,ENİS KIVANÇ ÇÖL,TOFAŞ,2003,TUR
118,ERAY AKYÜZ,DARÜŞŞAFAKA,2000,TUR
119,ERAY AKYÜZ,ALİAĞA PETKİM SPOR,2000,TUR
120,ERAY AYDOĞAN,GALATASARAY NEF,2000,TUR
121,ERCAN OSMANİ,BEŞİKTAŞ ICRYPEX,1998,TUR
122,EREN HAS,DARÜŞŞAFAKA,2001,TUR
123,ERIC BUCKNER,HDI SİGORTA AFYON BELEDİYESİ,1990,USA
124,ERIK DESHAWN MC CREE ROBINSON,GAZİANTEP BASKETBOL,1993,USA
125,ERKAN YILMAZ,BAHÇEŞEHİR KOLEJİ,1997,TUR
126,EROL CAN ÇİNKO,ALİAĞA PETKİM SPOR,1990,TUR
127,ERTEN GAZİ,ANADOLU EFES,1997,TUR
128,EUGENE ANTHONY GERMAN,YUKATEL MERKEZEFENDİ BELEDİYESİ BASKET,1997,USA
129,EVAN JOHN BRUINSMA,BÜYÜKÇEKMECE BASKETBOL,1992,USA
130,FILIP PETRUSEV,ANADOLU EFES,2000,SRB
131,FRANCISCO JAVIER CRUZ SALDIVAR,TOFAŞ,1989,MEX
132,FURKAN HALTALI,BEŞİKTAŞ ICRYPEX,2002,TUR
133,GANİ ERDİ GÜLASLAN,TÜRK TELEKOM SPOR,1994,TUR
134,GARY BROWNE RAMIREZ,ALİAĞA PETKİM SPOR,1993,USA
135,GLENN MILLER COSEY,SEMT77 YALOVASPOR,1992,USA
136,GÖKAY HACIOĞLU,ALİAĞA PETKİM SPOR,2002,TUR
137,GÖRKEM DOĞAN,DARÜŞŞAFAKA,1998,TUR
138,HADİ ÖZDEMİR,BAHÇEŞEHİR KOLEJİ,1983,TUR
139,HAKAN SAYILI,BEŞİKTAŞ ICRYPEX,2000,TUR
140,HAKAN SAYILI,ALİAĞA PETKİM SPOR,2000,TUR
141,HAKAN YAPAR,YUKATEL MERKEZEFENDİ BELEDİYESİ BASKET,1984,TUR
142,HASAN EMİR GÖKALP,SEMT77 YALOVASPOR,1995,TUR
143,HASAN EMİR GÖKALP,BAHÇEŞEHİR KOLEJİ,1995,TUR
144,HÜSEYİN ÇEVİRGEN,HDI SİGORTA AFYON BELEDİYESİ,2000,TUR
145,HÜSEYİN EMRE YILMAZ,GAZİANTEP BASKETBOL,2002,TUR
146,HÜSEYİN GÖKSENİN KÖKSAL,GALATASARAY NEF,1991,TUR
147,IAN MILLER,BÜYÜKÇEKMECE BASKETBOL,1991,USA
148,ISAIAH PINEIRO,DARÜŞŞAFAKA,1995,USA
149,ISAIAH WHITEHEAD,BEŞİKTAŞ ICRYPEX,1995,USA
150,İLKAN KARAMAN,SEMT77 YALOVASPOR,1990,TUR
151,İSMAİL CEM ULUSOY,GAZİANTEP BASKETBOL,1996,TUR
152,İSMAİL KARABİLEN,FENERBAHÇE BEKO,2001,TUR
153,İSMAİL KEREM GÜLMEZ,SEMT77 YALOVASPOR,1994,TUR
154,İSMET AKPINAR,FENERBAHÇE BEKO,1995,TUR
155,JAJUAN MARKEIS JOHNSON,TÜRK TELEKOM SPOR,1989,USA
156,JAMAL AVERY JONES,BAHÇEŞEHİR KOLEJİ,1993,USA
157,JAMAR DESEAN SMITH,BAHÇEŞEHİR KOLEJİ,1987,USA
158,JAMES ANDERSON,ANADOLU EFES,1989,USA
159,JAMES KUMAR BLACKMON,PINAR KARŞIYAKA,1995,USA
160,JAMES METECAN BİRSEN,FENERBAHÇE BEKO,1995,TUR
161,JAN VESELY,FENERBAHÇE BEKO,1990,CZE
162,JARED MARQUIS TERRELL,TÜRK TELEKOM SPOR,1995,USA
163,JARMAR OTIS GULLEY,GAZİANTEP BASKETBOL,1991,USA
164,JEHYVE JAMAL FLOYD,FENERBAHÇE BEKO,1997,USA
165,JEREMY BYRON JEROME SIMMONS,TOFAŞ,1989,USA
166,JEREMY MATHEW HOLLOWELL,YUKATEL MERKEZEFENDİ BELEDİYESİ BASKET,1994,USA
167,JOHN MICHAEL JOSEPH HOLLAND,FRUTTİ EXTRA BURSASPOR,1988,USA
168,JOHNATHAN HAMILTON,HDI SİGORTA AFYON BELEDİYESİ,1994,TTO
169,JORDAN LATHAM BONE,BEŞİKTAŞ ICRYPEX,1997,USA
170,JORDON BENJAMIN CRAWFORD,BÜYÜKÇEKMECE BASKETBOL,1990,USA
171,JOSHUA ALEXANDER REAVES,BEŞİKTAŞ ICRYPEX,1997,USA
172,JOSHUA DE VANTE PERKINS,ALİAĞA PETKİM SPOR,1995,USA
173,JUSTIN JAMEL WRIGHT FOREMAN,ALİAĞA PETKİM SPOR,1997,USA
174,KADİR BAYRAM,BÜYÜKÇEKMECE BASKETBOL,1996,TUR
175,KALIN LUCAS,YUKATEL MERKEZEFENDİ BELEDİYESİ BASKET,1989,USA
176,KARTAL ÖZMIZRAK,BAHÇEŞEHİR KOLEJİ,1995,TUR
177,KASEY JUWAN SHEPHERD,TOFAŞ,1994,USA
178,KENAN SİPAHİ,BEŞİKTAŞ ICRYPEX,1995,TUR
179,KENNETH HAYES,HDI SİGORTA AFYON BELEDİYESİ,1987,USA
180,KERRY DEVON BLACKSHEAR JR,GALATASARAY NEF,1997,USA
181,KEVARRIUS KESHAWN HAYES,FRUTTİ EXTRA BURSASPOR,1997,USA
182,KILIÇARSLAN ŞENKAHYA,DARÜŞŞAFAKA,2000,TUR
183,KORAY ÇEKİCİ,GAZİANTEP BASKETBOL,2002,TUR
184,KRISTOPHER JOSHON CLYBURN,BÜYÜKÇEKMECE BASKETBOL,1996,USA
185,KRUNOSLAV SIMON,ANADOLU EFES,1985,HRV
186,LAMONT DA SEAN JONES,SEMT77 YALOVASPOR,1990,USA
187,LANGSTON AVERY HALL,BAHÇEŞEHİR KOLEJİ,1991,USA
188,LEON HARUN APAYDIN,GAZİANTEP BASKETBOL,1999,TUR
189,LUKA RUPNIK,SEMT77 YALOVASPOR,1993,SVN
190,MAHİR AĞVA,PINAR KARŞIYAKA,1996,TUR
191,MALCOLM ISEIAH THOMAS,ALİAĞA PETKİM SPOR,1988,USA
192,MARCUS ANDREW LEE,SEMT77 YALOVASPOR,1994,USA
193,MARCUS DENMON,ALİAĞA PETKİM SPOR,1990,USA
194,MARIAL SHAYOK,FENERBAHÇE BEKO,1995,CAN
195,MARKO FILIPOVITY,HDI SİGORTA AFYON BELEDİYESİ,1996,HUN
196,MARKO GUDURIC,FENERBAHÇE BEKO,1995,SRB
197,MAURICE DALY NDOUR,GALATASARAY NEF,1992,SEN
198,MEHMET FIRAT ALEMDAROĞLU,BÜYÜKÇEKMECE BASKETBOL,1996,TUR
199,MEHMET YAĞMUR,BEŞİKTAŞ ICRYPEX,1987,TUR
200,MELİH MAHMUTOĞLU,FENERBAHÇE BEKO,1990,TUR
201,MERT CELEP,SEMT77 YALOVASPOR,1995,TUR
202,MERTCAN SOLKOL,HDI SİGORTA AFYON BELEDİYESİ,1996,TUR
203,MERTHAN MUTLU,HDI SİGORTA AFYON BELEDİYESİ,1994,TUR
204,METEHAN AKYEL,ALİAĞA PETKİM SPOR,1996,TUR
205,METİN TÜREN,FRUTTİ EXTRA BURSASPOR,1994,TUR
206,MEVLÜT MELİH DOĞAN,TÜRK TELEKOM SPOR,2003,TUR
207,MICHAEL ROLL,PINAR KARŞIYAKA,1987,USA
208,MIHAJLO ANDRIC,HDI SİGORTA AFYON BELEDİYESİ,1994,SRB
209,MILTON EDWARD DOYLE,GAZİANTEP BASKETBOL,1993,USA
210,MİTHAT CAN ÖZALP,FRUTTİ EXTRA BURSASPOR,2002,TUR
211,MUHAMMED DOĞAN ŞENLİ,SEMT77 YALOVASPOR,1992,TUR
212,MUHAMMED MUSTAFA BAYGÜL,BAHÇEŞEHİR KOLEJİ,1992,TUR
213,MUHAMMET ALİ GÜNEŞ,BÜYÜKÇEKMECE BASKETBOL,2003,TUR
214,MUHSİN YAŞAR,TOFAŞ,1995,TUR
215,MURAT GÖKTAŞ,PINAR KARŞIYAKA,1987,TUR
216,MURAT KOZAN,ALİAĞA PETKİM SPOR,1993,TUR
217,MUSTAFA KURTULDUM,BÜYÜKÇEKMECE BASKETBOL,2001,TUR
218,MÜKREMİN DENİZ KILIÇLI,BÜYÜKÇEKMECE BASKETBOL,1990,TUR
219,NANDO BRUNO ALFRED ANDRE DE COLO,FENERBAHÇE BEKO,1987,FRA
220,NATHAN BOOTHE,DARÜŞŞAFAKA,1994,USA
221,NATHAN MICHAEL SESTINA,YUKATEL MERKEZEFENDİ BELEDİYESİ BASKET,1997,USA
222,NUSRET YILDIRIM,ALİAĞA PETKİM SPOR,1989,TUR
223,OCTAVIUS TODD HUMES ELLIS,TÜRK TELEKOM SPOR,1993,USA
224,OĞULCAN BAYKAN,SEMT77 YALOVASPOR,1996,TUR
225,OĞUZ SAVAŞ,BAHÇEŞEHİR KOLEJİ,1987,TUR
226,OKBEN ULUBAY,GALATASARAY NEF,1996,TUR
227,ONUR ÖZKAPICI,HDI SİGORTA AFYON BELEDİYESİ,1995,TUR
228,ONURALP BİTİM,FRUTTİ EXTRA BURSASPOR,1999,TUR
229,ORHAN AYDIN HACİYEVA,GAZİANTEP BASKETBOL,1989,TUR
230,ÖMER CAN İLYASOĞLU,ANADOLU EFES,2001,TUR
231,ÖMER EGE PEKSARI,TOFAŞ,2003,TUR
232,ÖMER UTKU AL,FRUTTİ EXTRA BURSASPOR,1998,TUR
233,ÖMER YASİR KÜÇÜK,ALİAĞA PETKİM SPOR,2001,TUR
234,PEYTON JAMES ALDRIDGE,ALİAĞA PETKİM SPOR,1995,USA
235,PHILLIP EDWARD GREENE IV,BÜYÜKÇEKMECE BASKETBOL,1992,USA
236,PIERRE DE SHAWN JACKSON,HDI SİGORTA AFYON BELEDİYESİ,1991,USA
237,PIERRIA HENRY,FENERBAHÇE BEKO,1993,USA
238,QUENTIN LEVEL PETERSON JR,GAZİANTEP BASKETBOL,1994,USA
239,RAGIP BERKE ATAR,DARÜŞŞAFAKA,1999,TUR
240,RICHARD SOLOMON III,BAHÇEŞEHİR KOLEJİ,1992,USA
241,RIDVAN ÖNCEL,GALATASARAY NEF,1997,TUR
242,RIHARDS LOMAZS,YUKATEL MERKEZEFENDİ BELEDİYESİ BASKET,1996,LVA
243,ROBERTO TREMAINE GALLINAT,SEMT77 YALOVASPOR,1996,USA
244,RODRIGUE BEAUBOIS,ANADOLU EFES,1988,FRA
245,ROMELO DELANTE TRIMBLE,GALATASARAY NEF,1995,USA
246,RONDAE JAQUAN HOLLIS JEFFERSON,BEŞİKTAŞ ICRYPEX,1995,USA
247,RYAN SHANAHAN LUTHER,GAZİANTEP BASKETBOL,1995,USA
248,SAADETTİN DONAT,TÜRK TELEKOM SPOR,2001,TUR
249,SADIK EMİR KABACA,GALATASARAY NEF,2000,TUR
250,SAİD EMRE YOSMAOĞLU,DARÜŞŞAFAKA,2003,TUR
251,SAMET GEYİK,TÜRK TELEKOM SPOR,1993,TUR
252,SAMUEL THOMAS DEKKER,BAHÇEŞEHİR KOLEJİ,1994,USA
253,SEAN ARMAND,ALİAĞA PETKİM SPOR,1991,USA
254,SEDAT ALİ KARAGÜLLE,BEŞİKTAŞ ICRYPEX,1999,TUR
255,SEMİH ERDEN,PINAR KARŞIYAKA,1986,TUR
256,SERKAN MENTEŞE,YUKATEL MERKEZEFENDİ BELEDİYESİ BASKET,1991,TUR
257,SHANNON JEROD SHORTER,HDI SİGORTA AFYON BELEDİYESİ,1989,USA
258,SİNAN GÜLER,DARÜŞŞAFAKA,1983,TUR
259,SİNAN SAĞLAM,DARÜŞŞAFAKA,1998,TUR
260,SİNAN SAĞLAM,ALİAĞA PETKİM SPOR,1998,TUR
261,ŞAFAK EDGE,HDI SİGORTA AFYON BELEDİYESİ,1992,TUR
262,ŞEHMUS HAZER,FENERBAHÇE BEKO,1999,TUR
263,TARIK BERNARD BLACK,BAHÇEŞEHİR KOLEJİ,1991,USA
264,TARIK BİBEROVİÇ,FENERBAHÇE BEKO,2001,TUR
265,TARIK SEZGÜN,FRUTTİ EXTRA BURSASPOR,2001,TUR
266,TERRANCE ORLANDO CAMPBELL JR,HDI SİGORTA AFYON BELEDİYESİ,1988,USA
267,TEVFİK AKDAMAR,GAZİANTEP BASKETBOL,1994,TUR
268,THOMAS AKYAZILI,YUKATEL MERKEZEFENDİ BELEDİYESİ BASKET,1997,TUR
269,TIBOR PLEISS,ANADOLU EFES,1989,DEU
270,TOLGA DELİKTAŞ,BEŞİKTAŞ ICRYPEX,2003,TUR
271,TOLGA GEÇİM,ANADOLU EFES,1996,TUR
272,TOLGA GEÇİM,FRUTTİ EXTRA BURSASPOR,1996,TUR
273,TOMISLAV ZUBCIC,TOFAŞ,1990,HRV
274,TONY TAYLOR,PINAR KARŞIYAKA,1990,USA
275,TREVON NYKEE BLUIETT,BEŞİKTAŞ ICRYPEX,1994,USA
276,TROY SELİM ŞAV,DARÜŞŞAFAKA,1998,TUR
277,TROY WENDEL CAUPAIN JR,DARÜŞŞAFAKA,1995,USA
278,TUĞBERK GEDİKLİ,HDI SİGORTA AFYON BELEDİYESİ,1991,TUR
279,TUNA HAN DİKMEN,SEMT77 YALOVASPOR,1994,TUR
280,TYLER ENNIS MCINTYRE,TÜRK TELEKOM SPOR,1994,CAN
281,TYLER ENNIS MCINTYRE,TOFAŞ,1994,CAN
282,ÜMİT SONKOL,YUKATEL MERKEZEFENDİ BELEDİYESİ BASKET,1982,TUR
283,VASILIJE MICIC,ANADOLU EFES,1994,SRB
284,VASILIJE PUSICA,GALATASARAY NEF,1995,SRB
285,VOLODYMYR HERUN,BÜYÜKÇEKMECE BASKETBOL,1994,UKR
286,WAYNE ANTHONY SELDEN JR,HDI SİGORTA AFYON BELEDİYESİ,1994,USA
287,WAYNE DOUGLAS MC CULLOUGH II,DARÜŞŞAFAKA,1994,USA
288,WENDELL KERRY WILLIAMS JR,SEMT77 YALOVASPOR,1990,USA
289,YAĞIZHAN SELÇUK,FRUTTİ EXTRA BURSASPOR,1999,TUR
290,YESUKAN ONAR,BÜYÜKÇEKMECE BASKETBOL,1998,TUR
291,YİĞİT ARSLAN,TOFAŞ,1996,TUR
292,YİĞİT CAN VARDAL,BÜYÜKÇEKMECE BASKETBOL,1992,TUR
293,YİĞİT ÇOBAN,BEŞİKTAŞ ICRYPEX,2002,TUR
294,YİĞİT KARALAR,ALİAĞA PETKİM SPOR,2003,TUR
295,YİĞİTCAN SAYBİR,ANADOLU EFES,1999,TUR
296,YİĞİTCAN TURNA,YUKATEL MERKEZEFENDİ BELEDİYESİ BASKET,1987,TUR
297,YUNUS EMRE SONSIRMA,PINAR KARŞIYAKA,1992,TUR
298,ZEKİ AKANT ES,TÜRK TELEKOM SPOR,2003,TUR
299,ZWENCYL DEVONTE UPSON,YUKATEL MERKEZEFENDİ BELEDİYESİ BASKET,1993,USA
